scope,MAE,RMSE,R2
micro,0.03572829198268181,0.07333164902351108,0.7959158161259446
macro,0.035728139181931816,0.0733286534746488,0.7954689820607503
