epoch,train_loss,val_loss
1,0.010771480837283553,0.006481822150945103
2,0.006713891151292357,0.006462582903117756
3,0.006584730977154668,0.006575513210295852
4,0.0065681427754854995,0.00654853110582457
