epoch,train_loss,val_loss
1,0.010269792519083444,0.00676232488197522
2,0.006663651124374282,0.006590876068586374
3,0.006560541952623241,0.006347937056213995
4,0.0065469177401476335,0.0064317144982271495
5,0.006542646617076581,0.006627601888915194
