scope,MAE,RMSE,R2
micro,0.05015649108965064,0.10048098341757185,0.6346150985574417
macro,0.05015603365997474,0.10047625998655955,0.6338493406772614
