epoch,train_loss,val_loss
1,0.008123036832242804,0.0056457689436827455
2,0.005658094062856088,0.005564891606384892
3,0.005632012850169384,0.005525947256963826
4,0.005627650643135988,0.005567300611780846
5,0.0056231128099151475,0.0055498297160938145
