scope,MAE,RMSE,R2
micro,0.029515573184325634,0.07039824977803512,0.8119167283359456
macro,0.029515536998709044,0.07039476732412973,0.8115033408006033
