epoch,train_loss,val_loss
1,0.015494460400688364,0.01108428188457605
2,0.009858475170256766,0.011067772873901281
3,0.009773508064480853,0.010960825876994151
4,0.0098135271244158,0.011043290617028023
5,0.00987169014387924,0.011006750596242083
6,0.00992652008099885,0.011008349754666472
7,0.009961255808689657,0.011089062820695342
8,0.00998297529213202,0.010962952581901117
