scope,MAE,RMSE,R2
micro,0.036821432344546504,0.07398775271057698,0.7922475665876211
macro,0.03682129209240278,0.07398478910326958,0.7917919099330902
