epoch,train_loss,val_loss
1,0.009955715042999028,0.006564404167855334
2,0.006639457423843541,0.006307799903410968
3,0.0065080727012133445,0.0065207324627339506
4,0.006496707768515552,0.006527417374984491
