scope,MAE,RMSE,R2
micro,0.051313029128385715,0.10017429364242526,0.6193712693975486
macro,0.05131264304121335,0.10016990875204404,0.6185469110806783
