epoch,train_loss,val_loss
1,0.013070789611374844,0.012720647964275859
2,0.010418115025897902,0.012477404190721941
3,0.010297264494907919,0.012272335257215097
4,0.010232543308850714,0.012389653600736801
5,0.010176579084235938,0.012434414763311957
6,0.009988730311675461,0.012371276654498116
7,0.009970220895145734,0.012370915583244067
8,0.009857933363241665,0.012458672672224596
