scope,MAE,RMSE,R2
micro,0.043005621029979166,0.08448280352817547,0.9654465048973575
macro,0.04300539568066597,0.08448069120446841,0.9654297312100728
